source,title,description,published,url,fetched_at,sentiment_label,bullish_score,bearish_score,neutral_score,confidence
yahoo_finance,3 Possible Oil Price Scenarios For 2026,,2026-03-21T15:35:00Z,https://finance.yahoo.com/sectors/energy/articles/3-possible-oil-price-scenarios-153500883.html,2026-03-21 21:27:39.307768,neutral,0.0298,0.046,0.9242,0.9242
yahoo_finance,Is Occidental Petroleum (OXY) The Best Energy Stock to Buy Now?,,2026-03-21T15:21:50Z,https://finance.yahoo.com/sectors/energy/articles/occidental-petroleum-oxy-best-energy-152150255.html,2026-03-21 21:27:39.307768,neutral,0.0112,0.1182,0.8706,0.8706
yahoo_finance,Is Kraft Heinz (KHC) The Best Stock to Buy On The Dip?,,2026-03-21T15:11:51Z,https://finance.yahoo.com/markets/stocks/articles/kraft-heinz-khc-best-stock-151151571.html,2026-03-21 21:27:39.307768,neutral,0.0144,0.0906,0.8951,0.8951
yahoo_finance,The fallout from oil's surge is spreading as forecasts for crude keep rising,,2026-03-21T15:04:47Z,https://finance.yahoo.com/news/the-fallout-from-oils-surge-is-spreading-as-forecasts-for-crude-keep-rising-150447796.html,2026-03-21 21:27:39.307768,bullish,0.8019,0.0601,0.138,0.8019
yahoo_finance,"When it comes to getting a pay raise, you'll probably have to ask for it",,2026-03-17T10:00:49Z,https://finance.yahoo.com/news/when-it-comes-to-getting-a-pay-raise-youll-probably-have-to-ask-for-it-100049022.html,2026-03-21 21:27:39.307768,neutral,0.1622,0.1144,0.7235,0.7235
yahoo_finance,Asia’s LNG scramble gives Venture Global a fresh opening,,2026-03-21T15:33:00Z,https://finance.yahoo.com/sectors/energy/articles/asia-lng-scramble-gives-venture-153300843.html,2026-03-21 21:27:39.307768,bearish,0.0177,0.9219,0.0604,0.9219
yahoo_finance,Retiring overseas: Answering readers' big questions,,2026-03-21T14:40:08Z,https://finance.yahoo.com/news/retiring-overseas-answering-readers-big-questions-143003952.html,2026-03-21 21:27:39.307768,neutral,0.0282,0.0569,0.9149,0.9149
yahoo_finance,Is Chevron (CVX) The Best Stock to Benefit From Oil Price Surge Amid Iran War?,,2026-03-21T13:24:40Z,https://finance.yahoo.com/markets/stocks/articles/chevron-cvx-best-stock-benefit-132440515.html,2026-03-21 21:27:39.307768,bearish,0.0121,0.6207,0.3672,0.6207
yahoo_finance,Is Coca Cola (KO) The Best Forever Dividend Growth Stock To Buy Now?,,2026-03-21T13:21:48Z,https://finance.yahoo.com/markets/stocks/articles/coca-cola-ko-best-forever-132148478.html,2026-03-21 21:27:39.307768,neutral,0.0092,0.1604,0.8303,0.8303
yahoo_finance,"Rising insurance costs push Fannie, Freddie to adjust mortgage rules",,2026-03-18T18:57:04Z,https://finance.yahoo.com/news/rising-insurance-costs-push-fannie-freddie-to-adjust-mortgage-rules-185704504.html,2026-03-21 21:27:39.307768,bullish,0.9271,0.0253,0.0476,0.9271
yahoo_finance,EXCLUSIVE: Aduro Moves Closer To Commercializing Its Recycling Tech,,2026-03-21T15:31:29Z,https://finance.yahoo.com/sectors/technology/articles/exclusive-aduro-moves-closer-commercializing-153129453.html,2026-03-21 21:27:39.307768,bearish,0.0083,0.8693,0.1223,0.8693
yahoo_finance,Dow Jones Jumps Late After Sell-Off As Trump Mulls 'Winding Down' Iran War,,2026-03-21T13:06:10Z,https://www.investors.com/market-trend/stock-market-today/dow-jones-futures-oil-prices-yields-trump-iran-war-winding-down/?src=A00220&yptr=yahoo,2026-03-21 21:27:39.307768,bullish,0.559,0.0804,0.3606,0.559
yahoo_finance,Is CSX Corporation (CSX) One of the Best Railroad Stocks to Buy According to Analysts?,,2026-03-21T13:02:30Z,https://finance.yahoo.com/markets/stocks/articles/csx-corporation-csx-one-best-130230463.html,2026-03-21 21:27:39.307768,neutral,0.0111,0.1677,0.8212,0.8212
yahoo_finance,The Greenbrier Companies (GBX) Secures $300M Railcar ABS Financing to Grow Leasing Business,,2026-03-21T13:01:25Z,https://finance.yahoo.com/markets/stocks/articles/greenbrier-companies-gbx-secures-300m-130125501.html,2026-03-21 21:27:39.307768,bearish,0.0063,0.8281,0.1656,0.8281
yahoo_finance,Canadian Pacific Kansas City (CP) Expands Room to Grow Program with 14 New Certified Sites,,2026-03-21T13:00:01Z,https://finance.yahoo.com/markets/stocks/articles/canadian-pacific-kansas-city-cp-130001649.html,2026-03-21 21:27:39.307768,bearish,0.0089,0.8832,0.1079,0.8832
yahoo_finance,Carl Icahn Once Fired 12 Floors Of People In One Sweep Because He Couldn't 'Figure Out What The Hell They Do',,2026-03-21T15:31:32Z,https://finance.yahoo.com/markets/stocks/articles/carl-icahn-once-fired-12-153132574.html,2026-03-21 21:27:39.307768,bullish,0.9164,0.0103,0.0732,0.9164
yahoo_finance,Are you the millionaire next door? How to adopt a wealthy mindset if you have a high net worth but don’t feel rich,,2026-03-21T13:00:00Z,https://finance.yahoo.com/markets/stocks/articles/millionaire-next-door-adopt-wealthy-130000234.html,2026-03-21 21:27:39.307768,neutral,0.0204,0.0574,0.9222,0.9222
yahoo_finance,"Trinity Industries (TRN) Raises Dividend, Posts Strong EPS Growth",,2026-03-21T12:58:21Z,https://finance.yahoo.com/markets/stocks/articles/trinity-industries-trn-raises-dividend-125821640.html,2026-03-21 21:27:39.307768,bearish,0.0231,0.9531,0.0238,0.9531
yahoo_finance,"Norfolk Southern Corporation (NSC) Showcases Recovery, Tech Investments, and Merger Plans",,2026-03-21T12:57:17Z,https://finance.yahoo.com/markets/stocks/articles/norfolk-southern-corporation-nsc-showcases-125717569.html,2026-03-21 21:27:39.307768,neutral,0.0093,0.1401,0.8506,0.8506
yahoo_finance,"CN Railway (CNI) Delivers Strong Grain Movement, Expands U.S. Presence",,2026-03-21T12:56:09Z,https://finance.yahoo.com/markets/stocks/articles/cn-railway-cni-delivers-strong-125609008.html,2026-03-21 21:27:39.307768,bearish,0.0108,0.9416,0.0477,0.9416
yahoo_finance,"Could Nvidia Stock Turn $10,000 Into $1 Million This Decade?",,2026-03-21T15:22:03Z,https://finance.yahoo.com/markets/stocks/articles/could-nvidia-stock-turn-10-152203616.html,2026-03-21 21:27:39.307768,neutral,0.0261,0.083,0.8909,0.8909
yahoo_finance,S&P 500 Stocks Lead Five AI Plays Near Buy Points,,2026-03-21T12:55:37Z,https://www.investors.com/news/sp-500-stocks-five-ai-stocks-near-buy-points/?src=A00220&yptr=yahoo,2026-03-21 21:27:39.307768,bearish,0.1586,0.4662,0.3752,0.4662
yahoo_finance,Union Pacific Corporation (UNP) Gains Analyst Upgrade as Rail Regains Freight Edge,,2026-03-21T12:54:34Z,https://finance.yahoo.com/markets/stocks/articles/union-pacific-corporation-unp-gains-125434073.html,2026-03-21 21:27:39.307768,bearish,0.024,0.9513,0.0247,0.9513
yahoo_finance,"L.B. Foster Company (FSTR) Posts Highest Q4 Sales Since 2018, Eyes Growth Ahead",,2026-03-21T12:53:09Z,https://finance.yahoo.com/markets/stocks/articles/l-b-foster-company-fstr-125309163.html,2026-03-21 21:27:39.307768,bearish,0.0218,0.9503,0.0279,0.9503
yahoo_finance,"GATX Corporation (GATX) Strengthens Rail Leasing Business, Boosts Shareholder Returns",,2026-03-21T12:51:57Z,https://finance.yahoo.com/markets/stocks/articles/gatx-corporation-gatx-strengthens-rail-125157764.html,2026-03-21 21:27:39.307768,bearish,0.0153,0.9526,0.0321,0.9526
yahoo_finance,This Nuclear Energy Stock Is Rising as Oil Tops $119 Per Barrel,,2026-03-21T15:22:00Z,https://finance.yahoo.com/sectors/energy/articles/nuclear-energy-stock-rising-oil-152200056.html,2026-03-21 21:27:39.307768,bearish,0.0138,0.9045,0.0816,0.9045
yahoo_finance,FreightCar America (RAIL): Earnings Miss But Guidance Holds Steady,,2026-03-21T12:50:12Z,https://finance.yahoo.com/markets/stocks/articles/freightcar-america-rail-earnings-miss-125012910.html,2026-03-21 21:27:39.307768,bullish,0.5445,0.4338,0.0217,0.5445
yahoo_finance,Microsoft Corporation (MSFT) Starts Validating Nvidia’s Vera Rubin NVL72 for AI Workloads,,2026-03-21T12:46:39Z,https://finance.yahoo.com/sectors/technology/articles/microsoft-corporation-msft-starts-validating-124639981.html,2026-03-21 21:27:39.307768,neutral,0.0341,0.1451,0.8208,0.8208
yahoo_finance,These 7 Stocks Are Analyst Favorites For Magnificent Earnings Growth; Renewable Energy Firm Humming,,2026-03-21T12:45:21Z,https://www.investors.com/research/best-stocks-seven-magnificent-stocks-earnings-growth/?src=A00220&yptr=yahoo,2026-03-21 21:27:39.307768,neutral,0.0143,0.4794,0.5063,0.5063
yahoo_finance,Oil Shocks Could Continue to Rattle the Market As Iran War Rages On,,2026-03-21T15:09:00Z,https://www.barrons.com/articles/iran-war-oil-stock-market-big-tech-value-985f6c32?siteid=yhoof2&yptr=yahoo,2026-03-21 21:27:39.307768,bullish,0.9405,0.015,0.0444,0.9405
yahoo_finance,NVIDIA Corporation (NVDA) Unveils Agent Toolkit For Creating Specialized AI Agents,,2026-03-21T12:43:32Z,https://finance.yahoo.com/sectors/technology/articles/nvidia-corporation-nvda-unveils-agent-124332917.html,2026-03-21 21:27:39.307768,neutral,0.0079,0.2536,0.7386,0.7386
yahoo_finance,Property taxes are skyrocketing. But states are learning that cutting them has major consequences.,,2026-03-21T12:32:38Z,https://finance.yahoo.com/news/property-taxes-are-skyrocketing-but-states-are-learning-that-cutting-them-has-major-consequences-123024706.html,2026-03-21 21:27:39.307768,bullish,0.8708,0.0288,0.1004,0.8708
yahoo_finance,"As Berkshire Hathaway hoards cash, Americans with stocks are ‘playing with fire’ based on 1 indicator. Here's why",,2026-03-21T12:20:00Z,https://finance.yahoo.com/markets/stocks/articles/berkshire-hathaway-hoards-cash-americans-122000149.html,2026-03-21 21:27:39.307768,neutral,0.0355,0.0473,0.9171,0.9171
yahoo_finance,Ray Dalio says AI investors think they’re betting on technology but 'that’s not true.' Why most stocks may not survive,,2026-03-21T12:17:00Z,https://finance.yahoo.com/markets/stocks/articles/ray-dalio-says-ai-investors-121700871.html,2026-03-21 21:27:39.307768,neutral,0.0709,0.0299,0.8992,0.8992
yahoo_finance,Silver price today: This warning is bigger than most think,,2026-03-21T15:07:00Z,https://finance.yahoo.com/markets/commodities/articles/silver-price-today-warning-bigger-150700500.html,2026-03-21 21:27:39.307768,bullish,0.5588,0.0782,0.3629,0.5588
yahoo_finance,"OpenAI to nearly double workforce to 8,000 by end-2026, FT reports",,2026-03-21T12:08:14Z,https://finance.yahoo.com/sectors/technology/articles/openai-nearly-double-workforce-8-120814494.html,2026-03-21 21:27:39.307768,neutral,0.0153,0.492,0.4927,0.4927
yahoo_finance,Texas man frustrated after $800 purchase marked ‘delivered’ never arrived. What to do if your delivery goes missing,,2026-03-21T12:00:00Z,https://finance.yahoo.com/markets/articles/texas-man-frustrated-800-purchase-120000918.html,2026-03-21 21:27:39.307768,bullish,0.4992,0.0247,0.4761,0.4992
yahoo_finance,Americans have $2.1T sitting in abandoned 401(k) accounts. See if you have any forgotten funds,,2026-03-21T12:00:00Z,https://finance.yahoo.com/markets/options/articles/americans-2-1t-sitting-abandoned-120000301.html,2026-03-21 21:27:39.307768,neutral,0.1966,0.0231,0.7803,0.7803
yahoo_finance,Oracle's $553 Billion Backlog Is Either a Gold Mine or a Mirage. Earnings Just Revealed the Answer.,,2026-03-21T15:05:00Z,https://finance.yahoo.com/markets/stocks/articles/oracles-553-billion-backlog-either-150500425.html,2026-03-21 21:27:39.307768,neutral,0.328,0.0314,0.6406,0.6406
yahoo_finance,"JPMorgan CEO Jamie Dimon said this asset could soar to ‘$10,000,’ despite dismissing it before. How 2026 is shaping up",,2026-03-21T11:59:00Z,https://finance.yahoo.com/markets/commodities/articles/jpmorgan-ceo-jamie-dimon-said-115900916.html,2026-03-21 21:27:39.307768,neutral,0.0177,0.0834,0.8989,0.8989
seeking_alpha,India Gold Market Update: Volatility Softens Demand,,"Sat, 21 Mar 2026 11:46:00 -0400",https://seekingalpha.com/article/4884758-india-gold-market-update-volatility-softens-demand?source=feed_all_articles,2026-03-21 21:27:41.189489,bearish,0.1458,0.7408,0.1134,0.7408
seeking_alpha,Sunstone Hotel: Locking In Attractive Yields With Its Preferred Stock,,"Sat, 21 Mar 2026 11:40:00 -0400",https://seekingalpha.com/article/4884304-sunstone-hotel-investors-locking-in-attractive-yields-with-preferred-stock?source=feed_all_articles,2026-03-21 21:27:41.189489,bearish,0.0106,0.8158,0.1736,0.8158
seeking_alpha,Sprout Social: Improving Fundamentals Pushing The Stock Into Deep Value Zone; Reiterating Buy,,"Sat, 21 Mar 2026 11:35:49 -0400",https://seekingalpha.com/article/4884757-sprout-social-improving-fundamentals-pushing-the-stock-into-deep-value-zone-reiterating-buy?source=feed_all_articles,2026-03-21 21:27:41.189489,bearish,0.0137,0.9482,0.038,0.9482
seeking_alpha,"Jobs Data, PMI In Focus With A Muted Earnings Calendar Next Week",,"Sat, 21 Mar 2026 11:00:00 -0400",https://seekingalpha.com/article/4884597-jobs-data-pmi-in-focus-with-a-muted-earnings-calendar-next-week?source=feed_all_articles,2026-03-21 21:27:41.189489,bullish,0.5565,0.0288,0.4147,0.5565
seeking_alpha,Strive Asset Management: Sustained Dip Reflects Flawed Bitcoin As A Treasury Push,,"Sat, 21 Mar 2026 10:42:48 -0400",https://seekingalpha.com/article/4884756-strive-asset-management-sustained-dip-reflects-flawed-bitcoin-as-a-treasury-push?source=feed_all_articles,2026-03-21 21:27:41.189489,bullish,0.9215,0.0572,0.0212,0.9215
seeking_alpha,"Managed Futures ETF Guide: What It Is, How It Works, And Why KMLM",,"Sat, 21 Mar 2026 10:40:00 -0400",https://seekingalpha.com/article/4884755-managed-futures-etf-guide-how-works-why-kmlm?source=feed_all_articles,2026-03-21 21:27:41.189489,neutral,0.0245,0.0309,0.9446,0.9446
seeking_alpha,VFMF ETF: This Multi-Factor Value ETF Meets The Moment,,"Sat, 21 Mar 2026 10:36:14 -0400",https://seekingalpha.com/article/4884754-vfmf-etf-this-multi-factor-value-etf-meets-the-moment?source=feed_all_articles,2026-03-21 21:27:41.189489,neutral,0.0095,0.175,0.8156,0.8156
seeking_alpha,Credo: The Market Got It Wrong,,"Sat, 21 Mar 2026 10:30:00 -0400",https://seekingalpha.com/article/4884747-credo-the-market-got-it-wrong?source=feed_all_articles,2026-03-21 21:27:41.189489,neutral,0.0211,0.1044,0.8745,0.8745
seeking_alpha,Buy These 7-13% Yields While The Market Ignores Value,,"Sat, 21 Mar 2026 10:30:00 -0400",https://seekingalpha.com/article/4884753-buy-these-7-13-percent-yields-while-the-market-ignores-value?source=feed_all_articles,2026-03-21 21:27:41.189489,neutral,0.0304,0.0285,0.9411,0.9411
seeking_alpha,How I Replaced My Salary With Dividend Income From My Portfolio,,"Sat, 21 Mar 2026 10:30:00 -0400",https://seekingalpha.com/article/4884553-how-i-replaced-my-salary-with-dividend-income-from-my-portfolio?source=feed_all_articles,2026-03-21 21:27:41.189489,neutral,0.0374,0.0669,0.8957,0.8957
seeking_alpha,American Airlines: Back In The Game,,"Sat, 21 Mar 2026 10:30:00 -0400",https://seekingalpha.com/article/4884717-american-airlines-back-in-game?source=feed_all_articles,2026-03-21 21:27:41.189489,neutral,0.0344,0.0756,0.89,0.89
seeking_alpha,Invesco Mortgage Capital: A Buying Opportunity Emerges In The Series C Preferred Shares,,"Sat, 21 Mar 2026 10:27:24 -0400",https://seekingalpha.com/article/4884752-invesco-mortgage-capital-a-buying-opportunity-emerges-in-the-series-c-preferred-shares?source=feed_all_articles,2026-03-21 21:27:41.189489,bearish,0.0085,0.8646,0.1269,0.8646
seeking_alpha,NetApp: Robust Profitability And AI Inference Tailwind Poised To Propel This Stock To New Heights,,"Sat, 21 Mar 2026 10:15:11 -0400",https://seekingalpha.com/article/4884751-netapp-robust-profitability-and-ai-inference-tailwind-poised-to-propel-this-stock-to-new-heights?source=feed_all_articles,2026-03-21 21:27:41.189489,bearish,0.0185,0.952,0.0294,0.952
seeking_alpha,"Weekly Commentary: Bubbles, Dams, War And Cracks",,"Sat, 21 Mar 2026 10:14:00 -0400",https://seekingalpha.com/article/4884750-weekly-commentary-bubbles-dams-war-cracks?source=feed_all_articles,2026-03-21 21:27:41.189489,neutral,0.0649,0.0236,0.9116,0.9116
seeking_alpha,Super Micro: Another Perfect Storm,,"Sat, 21 Mar 2026 09:49:21 -0400",https://seekingalpha.com/article/4884749-super-micro-another-perfect-storm?source=feed_all_articles,2026-03-21 21:27:41.189489,neutral,0.0222,0.0931,0.8848,0.8848
seeking_alpha,Central Bank Policy On Hold As Markets Weigh Energy Risks,,"Sat, 21 Mar 2026 09:44:00 -0400",https://seekingalpha.com/article/4884748-central-bank-policy-hold-markets-weigh-energy-risks?source=feed_all_articles,2026-03-21 21:27:41.189489,bullish,0.5988,0.0318,0.3694,0.5988
seeking_alpha,CK Asset Holdings Limited (CHKGF) Q4 2025 Earnings Call Transcript,,"Sat, 21 Mar 2026 09:42:17 -0400",https://seekingalpha.com/article/4884315-ck-asset-holdings-limited-chkgf-q4-2025-earnings-call-transcript?source=feed_all_articles,2026-03-21 21:27:41.189489,neutral,0.0339,0.0512,0.9149,0.9149
seeking_alpha,Why I Just Became Even More Bullish On The Canton Network,,"Sat, 21 Mar 2026 09:32:40 -0400",https://seekingalpha.com/article/4884746-why-i-just-became-even-more-bullish-on-the-canton-network?source=feed_all_articles,2026-03-21 21:27:41.189489,neutral,0.2121,0.1237,0.6642,0.6642
seeking_alpha,"AGNC Investment: Stable Spreads, Mispriced Volatility Create Income Opportunity",,"Sat, 21 Mar 2026 09:20:51 -0400",https://seekingalpha.com/article/4884745-agnc-investment-stable-spreads-mispriced-volatility-create-income-opportunity?source=feed_all_articles,2026-03-21 21:27:41.189489,bearish,0.0151,0.9069,0.0781,0.9069
seeking_alpha,Amkor Technology: Advanced Packaging Turns From A Future Bet To Reality,,"Sat, 21 Mar 2026 09:15:45 -0400",https://seekingalpha.com/article/4884743-amkor-technology-advanced-packaging-turns-from-a-future-bet-to-reality?source=feed_all_articles,2026-03-21 21:27:41.189489,neutral,0.0163,0.1334,0.8503,0.8503
seeking_alpha,What I Wish I Knew Before Buying High-Yield Stocks,,"Sat, 21 Mar 2026 09:15:00 -0400",https://seekingalpha.com/article/4884554-what-i-wish-i-knew-before-buying-high-yield-stocks?source=feed_all_articles,2026-03-21 21:27:41.189489,neutral,0.0348,0.031,0.9343,0.9343
seeking_alpha,"How I'd Build My Own $1,000 Monthly Paycheck With 3 Likely Safe Picks",,"Sat, 21 Mar 2026 09:15:00 -0400",https://seekingalpha.com/article/4884557-how-id-build-my-own-1000-monthly-paycheck-with-3-likely-safe-picks?source=feed_all_articles,2026-03-21 21:27:41.189489,neutral,0.018,0.0696,0.9124,0.9124
seeking_alpha,"HYMB: Solid High-Yield Muni Bond ETF, Above-Average Tax-Advantaged Income",,"Sat, 21 Mar 2026 09:06:29 -0400",https://seekingalpha.com/article/4884742-hymb-solid-high-yield-muni-bond-etf-above-average-tax-advantaged-income?source=feed_all_articles,2026-03-21 21:27:41.189489,bearish,0.0137,0.9444,0.0418,0.9444
seeking_alpha,The 90% Tax Era: What Investors Should Know Today,,"Sat, 21 Mar 2026 09:00:00 -0400",https://seekingalpha.com/article/4884300-the-90-percent-tax-era-what-investors-should-know-today?source=feed_all_articles,2026-03-21 21:27:41.189489,neutral,0.0214,0.0417,0.937,0.937
seeking_alpha,Oklo: This Fallout May Just Be Getting Started (Rating Downgrade),,"Sat, 21 Mar 2026 09:00:00 -0400",https://seekingalpha.com/article/4884718-oklo-this-fallout-may-just-be-getting-started?source=feed_all_articles,2026-03-21 21:27:41.189489,bullish,0.743,0.0244,0.2326,0.743
seeking_alpha,Chaince Digital Holdings: Tokenization Ambitions Still Lack Revenue Support,,"Sat, 21 Mar 2026 09:00:00 -0400",https://seekingalpha.com/article/4884728-chaince-digital-holdings-tokenization-ambitions-still-lack-revenue-support?source=feed_all_articles,2026-03-21 21:27:41.189489,bullish,0.9447,0.0117,0.0436,0.9447
seeking_alpha,Snap: Moving Out Of The Mainstream,,"Sat, 21 Mar 2026 08:59:11 -0400",https://seekingalpha.com/article/4884741-snap-moving-out-of-the-mainstream?source=feed_all_articles,2026-03-21 21:27:41.189489,neutral,0.2226,0.063,0.7145,0.7145
seeking_alpha,"General Mills: A Gradual Shift In Narrative, But Not A Quick Turnaround",,"Sat, 21 Mar 2026 08:45:26 -0400",https://seekingalpha.com/article/4884740-general-mills-gradual-shift-in-narrative-but-not-quick-turnaround?source=feed_all_articles,2026-03-21 21:27:41.189489,neutral,0.0213,0.1608,0.8179,0.8179
seeking_alpha,"Regal Rexnord: Not An Ideal Prospect, Good Enough To Remain Bullish",,"Sat, 21 Mar 2026 08:37:52 -0400",https://seekingalpha.com/article/4884738-regal-rexnord-not-an-ideal-prospect-good-enough-to-remain-bullish?source=feed_all_articles,2026-03-21 21:27:41.189489,neutral,0.0657,0.429,0.5053,0.5053
seeking_alpha,3 Market Segments I'm Targeting When Iran War Ends,,"Sat, 21 Mar 2026 08:30:00 -0400",https://seekingalpha.com/article/4884550-3-market-segments-im-targeting-when-iran-war-ends?source=feed_all_articles,2026-03-21 21:27:41.189489,neutral,0.0135,0.0679,0.9186,0.9186
marketwatch,Why is everything so expensive? America has a wage problem — not a price problem.,"Cheap imports broke the middle class, and curbing inflation won’t fix the wage gap.","Sat, 21 Mar 2026 15:37:00 GMT",https://www.marketwatch.com/story/why-does-everything-feel-so-expensive-look-at-wages-not-the-cpi-d4d4376e?mod=mw_rss_topstories,2026-03-21 21:27:43.105229,bullish,0.5426,0.0363,0.4211,0.5426
marketwatch,‘It’s out of date to think about a retirement age.’ More Americans want to work into their 70s. Smart companies will find ways to work with them.,Many companies invest in early-career development but neglect retaining institutional knowledge at the other end of the career spectrum,"Sat, 21 Mar 2026 15:07:00 GMT",https://www.marketwatch.com/story/more-americans-want-to-work-into-their-70s-smart-companies-will-work-with-them-115a9354?mod=mw_rss_topstories,2026-03-21 21:27:43.105229,neutral,0.0276,0.068,0.9044,0.9044
marketwatch,Crypto’s ‘shadow banks’ don’t want to play by the rules — setting the stage for a major crisis,"With help from Washington, new crypto trust-banks are bypassing guardrails governing traditional banks.","Sat, 21 Mar 2026 14:50:00 GMT",https://www.marketwatch.com/story/crypto-firms-want-the-perks-of-being-a-bank-but-without-the-rules-putting-your-money-at-2008-level-risk-a16b3ac5?mod=mw_rss_topstories,2026-03-21 21:27:43.105229,neutral,0.1912,0.0262,0.7826,0.7826
marketwatch,Chuck Norris never dies: How a meme made the actor a cultural icon and multimillion-dollar brand,"Memes didn’t just make Chuck Norris funny — they made him an icon, revived his career and may keep paying dividends for decades to come.","Sat, 21 Mar 2026 14:40:00 GMT",https://www.marketwatch.com/story/chuck-norris-never-dies-how-a-meme-made-him-a-cultural-icon-and-multimillion-dollar-brand-5dbcd6e4?mod=mw_rss_topstories,2026-03-21 21:27:43.105229,neutral,0.0219,0.0967,0.8814,0.8814
marketwatch,Social Security benefit cuts are coming — and they will hit current retirees hard,"Even as Social Security’s finances have deteriorated, voters have responded with systemic denial.","Sat, 21 Mar 2026 14:17:00 GMT",https://www.marketwatch.com/story/social-security-benefit-cuts-are-coming-and-they-will-hit-current-retirees-hard-fb623ab4?mod=mw_rss_topstories,2026-03-21 21:27:43.105229,bullish,0.9637,0.0104,0.0259,0.9637
marketwatch,Here’s the exact amount of money you need to make to be financially secure,"The yearly thresholds for achieving financial security range from roughly $62,700 for one-person households over age 65 to $169,300 for families with two or more adults and three or more kids.","Sat, 21 Mar 2026 14:04:00 GMT",https://www.marketwatch.com/story/heres-the-exact-amount-of-money-you-need-to-make-to-be-financially-secure-6987a937?mod=mw_rss_topstories,2026-03-21 21:27:43.105229,neutral,0.0234,0.0362,0.9404,0.9404
marketwatch,‘Six figures are missing’: My aunt’s attorney took over her bank account. Two random doctors declared her incompetent. How do I fix this?,"“The attorney found two doctors — one who briefly spoke to her and signed off, and another who never saw her and simply stamped the form.”","Sat, 21 Mar 2026 14:00:00 GMT",https://www.marketwatch.com/story/six-figures-are-missing-my-aunts-attorney-took-over-her-bank-account-two-random-doctors-declared-her-incompetent-how-do-i-fix-this-8abf81ee?mod=mw_rss_topstories,2026-03-21 21:27:43.105229,bullish,0.6612,0.0203,0.3184,0.6612
marketwatch,Private-credit ‘cockroaches’ and record valuations threaten the stock market’s recovery,The S&P 500 is expensive on 18 of 20 metrics and a private-equity logjam could force big investors to dump stocks.,"Sat, 21 Mar 2026 13:52:00 GMT",https://www.marketwatch.com/story/an-end-to-the-iran-conflict-should-rally-stocks-but-only-briefly-7d867ffd?mod=mw_rss_topstories,2026-03-21 21:27:43.105229,bullish,0.9018,0.034,0.0642,0.9018
marketwatch,Jensen Huang once said there was ‘no evidence’ Nvidia chips were getting diverted to China. The scandal at Super Micro suggests otherwise.,Experts say the case highlights how the industry appears to not have taken the issue of chip smuggling seriously.,"Sat, 21 Mar 2026 13:00:00 GMT",https://www.marketwatch.com/story/jensen-huang-once-said-there-was-no-evidence-nvidia-chips-were-getting-diverted-to-china-the-scandal-at-super-micro-suggests-otherwise-12ec0904?mod=mw_rss_topstories,2026-03-21 21:27:43.105229,neutral,0.4493,0.0448,0.5059,0.5059
marketwatch,‘This guy has no manners’: My Airbnb guest requested I buy bacon and beer. The $30 bill remains unpaid. Do I insist?,“I don’t want him to retaliate with a bad review.”,"Sat, 21 Mar 2026 12:40:00 GMT",https://www.marketwatch.com/story/this-guy-has-no-manners-my-airbnb-guest-requested-i-buy-bacon-and-beer-the-30-bill-remains-unpaid-do-i-insist-e98ccecd?mod=mw_rss_topstories,2026-03-21 21:27:43.105229,neutral,0.1557,0.0323,0.8121,0.8121
moneycontrol,ICICI Prudential Life Insurance to focus on growing absolute VNB amid slump in FY24,"<img src=""https://www.moneycontrol.com/news_image_files/2023/200x200/I/ICICI-Prudential-life_200.jpg"" alt=""ICICI Prudential Life Insurance to focus on growing absolute VNB amid slump in FY24"" title=""ICICI Prudential Life Insurance to focus on growing absolute VNB amid slump in FY24"" border=""0"" width=""75"" height=""75"" align="" left"" hspace=""5""/> In its Q4FY24 results, the company#39;s VNB fell 19.45 percent to Rs 2,227 crore for FY24","Tue, 23 Apr 2024 22:36:32 +0530",https://www.moneycontrol.com/news/business/icici-prudential-life-insurance-to-focusgrowing-absolute-vnb-amid-slumpfy24_17532041.html,2026-03-21 21:27:43.401703,bearish,0.0394,0.8487,0.1118,0.8487
moneycontrol,"Tata Elxsi Q4 net profit, revenue decline QoQ; firm declares dividend of Rs 70 per share","<img src=""https://www.moneycontrol.com/news_image_files/2020/200x200/T/TATA-ELXSI_200.jpg"" alt=""Tata Elxsi Q4 net profit, revenue decline QoQ; firm declares dividend of Rs 70 per share"" title=""Tata Elxsi Q4 net profit, revenue decline QoQ; firm declares dividend of Rs 70 per share"" border=""0"" width=""75"" height=""75"" align="" left"" hspace=""5""/> The net profit was down 4.6 percent quarter-on-quarter compared to the October to December period of FY24 and 2.32 percent against the March quarter of FY23","Tue, 23 Apr 2024 18:51:45 +0530",https://www.moneycontrol.com/news/business/tata-elxsi-q4-net-profit-revenue-decline-qoq-firm-declares-dividendrs-70-per-share_17532061.html,2026-03-21 21:27:43.401703,bullish,0.5909,0.0435,0.3655,0.5909
moneycontrol,"ICICI Pru Life Q4 net profit falls 26% to Rs 174 cr, insurer announces dividend","<img src=""https://www.moneycontrol.com/news_image_files/2023/200x200/I/ICICI-Prudential-life_200.jpg"" alt=""ICICI Pru Life Q4 net profit falls 26% to Rs 174 cr, insurer announces dividend"" title=""ICICI Pru Life Q4 net profit falls 26% to Rs 174 cr, insurer announces dividend"" border=""0"" width=""75"" height=""75"" align="" left"" hspace=""5""/> Net premium income rose to Rs 14,788 crore","Tue, 23 Apr 2024 18:26:16 +0530",https://www.moneycontrol.com/news/business/icici-pru-life-q4-net-profit-falls-26-to-rs-174-cr-insurer-announces-dividend_17532101.html,2026-03-21 21:27:43.401703,bullish,0.9631,0.0116,0.0253,0.9631
moneycontrol,Cyient DLM#39;s profit after tax in FY24 surges 93%,"<img src=""https://www.moneycontrol.com/news_image_files/2023/200x200/s/shutterstock_2170560599_200.jpg"" alt=""Cyient DLM#39;s profit after tax in FY24 surges 93%"" title=""Cyient DLM#39;s profit after tax in FY24 surges 93%"" border=""0"" width=""75"" height=""75"" align="" left"" hspace=""5""/> For the full year, the company#39;s revenue stood at Rs 1,192 crore, which was 43.2 percent higher compared to the same period of the past financial year","Tue, 23 Apr 2024 17:56:47 +0530",https://www.moneycontrol.com/news/business/cyient-dlm39s-profit-after-taxfy24-surges-93_17532091.html,2026-03-21 21:27:43.401703,bearish,0.0244,0.9493,0.0263,0.9493
moneycontrol,"Tata Consumer Q4 net profit falls 19% to Rs 217 cr, firm declares dividend of Rs 7.75 per share","<img src=""https://www.moneycontrol.com/news_image_files/2024/200x200/t/tcpl_200.jpg"" alt=""Tata Consumer Q4 net profit falls 19% to Rs 217 cr, firm declares dividend of Rs 7.75 per share"" title=""Tata Consumer Q4 net profit falls 19% to Rs 217 cr, firm declares dividend of Rs 7.75 per share"" border=""0"" width=""75"" height=""75"" align="" left"" hspace=""5""/> Revenue increased 8.5 percent to Rs 3,927 crore in the three months ended March 31.","Tue, 23 Apr 2024 16:27:47 +0530",https://www.moneycontrol.com/news/business/tata-consumer-q4-net-profit-falls-19-to-rs-217-cr-firm-declares-dividendrs-775-per-share_17532071.html,2026-03-21 21:27:43.401703,bullish,0.9636,0.0093,0.027,0.9636
moneycontrol,"Tata Consumer Q4 net profit falls 19% to Rs 217 cr, firm declares dividend of Rs 7.75 per share","<img src=""https://www.moneycontrol.com/news_image_files/2024/200x200/t/tcpl_200.jpg"" alt=""Tata Consumer Q4 net profit falls 19% to Rs 217 cr, firm declares dividend of Rs 7.75 per share"" title=""Tata Consumer Q4 net profit falls 19% to Rs 217 cr, firm declares dividend of Rs 7.75 per share"" border=""0"" width=""75"" height=""75"" align="" left"" hspace=""5""/> Revenue increased 8.5 percent to Rs 3,927 crore in the three months ended March 31.","Tue, 23 Apr 2024 16:27:47 +0530",https://www.moneycontrol.com/news/business/tata-consumer-q4-net-profit-falls-19-to-rs-217-cr-firm-declares-dividendrs-775-per-share_17532081.html,2026-03-21 21:27:43.401703,bullish,0.9636,0.0093,0.027,0.9636
moneycontrol,"Hindustan Unilever Q4 Preview: Price cuts, slow demand, regional competition to hurt topline","<img src=""https://www.moneycontrol.com/news_image_files/2020/200x200/H/HUL_HIndustan-Unilever_200.jpg"" alt=""Hindustan Unilever Q4 Preview: Price cuts, slow demand, regional competition to hurt topline"" title=""Hindustan Unilever Q4 Preview: Price cuts, slow demand, regional competition to hurt topline"" border=""0"" width=""75"" height=""75"" align="" left"" hspace=""5""/> The hike in royalty payments to parent Unilever are likely to adversely impact HUL#39;s EBITDA margins, say experts","Tue, 23 Apr 2024 16:05:45 +0530",https://www.moneycontrol.com/news/business/hindustan-unilever-q4-preview-price-cuts-slow-demand-regional-competition-to-hurt-topline_17531901.html,2026-03-21 21:27:43.401703,bullish,0.7983,0.1419,0.0598,0.7983
moneycontrol,LTIMindtree Q4 Preview: Lower pass-through revenue seen impacting growth marginally,"<img src=""https://www.moneycontrol.com/news_image_files/2023/200x200/L/LTIMindtree_200.jpg"" alt=""LTIMindtree Q4 Preview: Lower pass-through revenue seen impacting growth marginally"" title=""LTIMindtree Q4 Preview: Lower pass-through revenue seen impacting growth marginally"" border=""0"" width=""75"" height=""75"" align="" left"" hspace=""5""/> A compilation of estimates suggests the company#39;s Q4 FY24 net profit is projected to decline by 2.2 percent quarter on quarter to Rs 1,143.1 crore","Tue, 23 Apr 2024 15:51:27 +0530",https://www.moneycontrol.com/news/business/ltimindtree-q4-preview-lower-pass-through-revenue-seen-impacting-growth-marginally_17531881.html,2026-03-21 21:27:43.401703,bullish,0.9634,0.0227,0.0139,0.9634
moneycontrol,LT manufactures hydrotreating reactor for refinery in Mexico,"<img src=""https://www.moneycontrol.com/news_image_files/2023/200x200/L/Larsen-Toubro_LT_200.jpg"" alt=""LT manufactures hydrotreating reactor for refinery in Mexico"" title=""LT manufactures hydrotreating reactor for refinery in Mexico"" border=""0"" width=""75"" height=""75"" align="" left"" hspace=""5""/> The reactor has been dispatched for Mexico from the company#39;s A M Naik Heavy Engineering Complex at Hazira in Gujarat.","Tue, 23 Apr 2024 14:47:18 +0530",https://www.moneycontrol.com/news/business/lt-manufactures-hydrotreating-reactor-for-refinerymexico_17531811.html,2026-03-21 21:27:43.401703,neutral,0.0106,0.1268,0.8627,0.8627
moneycontrol,Air India enters into codeshare pact with Japan#39;s All Nippon Airways,"<img src=""https://www.moneycontrol.com/news_image_files/2024/200x200/B/BOEING-747-AI_200.jpg"" alt=""Air India enters into codeshare pact with Japan#39;s All Nippon Airways"" title=""Air India enters into codeshare pact with Japan#39;s All Nippon Airways"" border=""0"" width=""75"" height=""75"" align="" left"" hspace=""5""/> With the codeshare, effective for travel from May 23, Air India and All Nippon Airways passengers can fly to their desired destination by combining those flights between India and Japan w","Tue, 23 Apr 2024 14:44:20 +0530",https://www.moneycontrol.com/news/business/air-india-enters-into-codeshare-pactjapan39s-all-nippon-airways_17531801.html,2026-03-21 21:27:43.401703,bearish,0.0104,0.8265,0.1631,0.8265
moneycontrol,Razorpay announces #39;UPI Switch#39; in partnership with Airtel Payments Bank,"<img src=""https://www.moneycontrol.com/news_image_files/2024/200x200/R/RazorPay-Image_200.jpg"" alt=""Razorpay announces #39;UPI Switch#39; in partnership with Airtel Payments Bank"" title=""Razorpay announces #39;UPI Switch#39; in partnership with Airtel Payments Bank"" border=""0"" width=""75"" height=""75"" align="" left"" hspace=""5""/> Boosting success rates by 4-5 per cent, the solution is designed to handle up to 10,000 transactions per second (TPS) at any given time, according to a release.","Tue, 23 Apr 2024 14:42:21 +0530",https://www.moneycontrol.com/news/business/razorpay-announces-39upi-switch39partnershipairtel-payments-bank_17531791.html,2026-03-21 21:27:43.401703,neutral,0.0078,0.2119,0.7803,0.7803
moneycontrol,"Stellantis India to hike vehicle prices by up to Rs 17,000 from April 30","<img src=""https://www.moneycontrol.com/news_image_files/2021/200x200/S/Stellantis_Jul8_200.jpg"" alt=""Stellantis India to hike vehicle prices by up to Rs 17,000 from April 30"" title=""Stellantis India to hike vehicle prices by up to Rs 17,000 from April 30"" border=""0"" width=""75"" height=""75"" align="" left"" hspace=""5""/> This price increase will result in an increment ranging from Rs 4,000 to Rs 17,000 across the models, the company said in a statement.","Tue, 23 Apr 2024 14:17:55 +0530",https://www.moneycontrol.com/news/business/stellantis-india-to-hike-vehicle-prices-byto-rs-17000april-30_17531771.html,2026-03-21 21:27:43.401703,bearish,0.016,0.9095,0.0746,0.9095
moneycontrol,"Juniper Green Energy, Tata Power sign PPA for 85 MW hybrid project in Maharashtra","<img src=""https://www.moneycontrol.com/news_image_files/2024/200x200/T/Tata-Power_200.jpg"" alt=""Juniper Green Energy, Tata Power sign PPA for 85 MW hybrid project in Maharashtra"" title=""Juniper Green Energy, Tata Power sign PPA for 85 MW hybrid project in Maharashtra"" border=""0"" width=""75"" height=""75"" align="" left"" hspace=""5""/> ""The project is the first wind-solar energy project for the company. It will utilize both wind and solar resources by combining 51 MW of wind energy and 34 MW of solar po","Tue, 23 Apr 2024 13:40:48 +0530",https://www.moneycontrol.com/news/business/juniper-green-energy-tata-power-sign-ppa-for-85-mw-hybrid-projectmaharashtra_17531681.html,2026-03-21 21:27:43.401703,bearish,0.0075,0.6828,0.3098,0.6828
moneycontrol,"Juniper Green Energy, Tata Power sign PPA for 85 MW hybrid project in Maharashtra","<img src=""https://www.moneycontrol.com/news_image_files/2024/200x200/T/Tata-Power_200.jpg"" alt=""Juniper Green Energy, Tata Power sign PPA for 85 MW hybrid project in Maharashtra"" title=""Juniper Green Energy, Tata Power sign PPA for 85 MW hybrid project in Maharashtra"" border=""0"" width=""75"" height=""75"" align="" left"" hspace=""5""/> ""The project is the first wind-solar energy project for the company. It will utilize both wind and solar resources by combining 51 MW of wind energy and 34 MW of solar po","Tue, 23 Apr 2024 13:40:48 +0530",https://www.moneycontrol.com/news/business/juniper-green-energy-tata-power-sign-ppa-for-85-mw-hybrid-projectmaharashtra_17531691.html,2026-03-21 21:27:43.401703,bearish,0.0075,0.6828,0.3098,0.6828
moneycontrol,WeWork Global in talks to sell entire 27% stake in WeWork India,"<img src=""https://www.moneycontrol.com/news_image_files/2021/200x200/W/WEWORK_200.jpg"" alt=""WeWork Global in talks to sell entire 27% stake in WeWork India"" title=""WeWork Global in talks to sell entire 27% stake in WeWork India"" border=""0"" width=""75"" height=""75"" align="" left"" hspace=""5""/> Bengaluru-based real estate firm Embassy Group, which holds the remaining 73 per cent stake in WeWork India, might also dilute some shareholdings to raise funds, they added.","Tue, 23 Apr 2024 13:38:59 +0530",https://www.moneycontrol.com/news/business/wework-globaltalks-to-sell-entire-27-stakewework-india_17531651.html,2026-03-21 21:27:43.401703,neutral,0.0205,0.0337,0.9458,0.9458
