source,title,description,published,url,fetched_at
yahoo_finance,EXCLUSIVE: Vasiliki Petrou Partners With SEMCAP to Build Beauty and Wellness Vertical,,2026-03-25T12:36:53Z,https://finance.yahoo.com/sectors/healthcare/articles/exclusive-vasiliki-petrou-partners-semcap-123653523.html,2026-03-27 06:08:57.437069
yahoo_finance,What to Expect From Fastenal's Q1 2026 Earnings Report,,2026-03-25T12:45:23Z,https://finance.yahoo.com/markets/stocks/articles/expect-fastenals-q1-2026-earnings-124523024.html,2026-03-27 06:08:57.437069
yahoo_finance,SLB expands Nvidia partnership to develop AI infrastructure for energy sector,,2026-03-25T12:57:05Z,https://finance.yahoo.com/sectors/energy/articles/slb-expands-nvidia-partnership-develop-125705668.html,2026-03-27 06:08:57.437069
yahoo_finance,HSBC Just Double-Upgraded Arm Stock. Does That Make It a Buy Here?,,2026-03-25T13:00:02Z,https://finance.yahoo.com/markets/stocks/articles/hsbc-just-double-upgraded-arm-130002402.html,2026-03-27 06:08:57.437069
yahoo_finance,Bitpanda Links European Banks With Tokenized Assets,,2026-03-25T13:05:00Z,https://finance.yahoo.com/markets/crypto/articles/bitpanda-links-european-banks-tokenized-130500971.html,2026-03-27 06:08:57.437069
yahoo_finance,Daily Spotlight: Stocks Can Survive a Pullback,,2026-03-26T11:23:05Z,https://finance.yahoo.com/research/reports/ARGUS_46550_MarketOutlook_1774524185000?yptr=yahoo&ncid=yahooproperties_plusresear_nm5q6ze1cei,2026-03-27 06:08:57.437069
yahoo_finance,NEXE partner to shift coffee pod volumes to compostable platform,,2026-03-25T12:37:00Z,https://finance.yahoo.com/sectors/technology/articles/nexe-partner-shift-coffee-pod-123700823.html,2026-03-27 06:08:57.437069
yahoo_finance,Abbott Earnings Preview: What to Expect,,2026-03-25T13:06:16Z,https://finance.yahoo.com/sectors/healthcare/articles/abbott-earnings-preview-expect-130616282.html,2026-03-27 06:08:57.437069
yahoo_finance,Jim Cramer Highlights Ulta Beauty For Its Strong High End Sales Despite A Recent Earnings Miss,,2026-03-25T13:13:26Z,https://finance.yahoo.com/markets/stocks/articles/jim-cramer-highlights-ulta-beauty-131326288.html,2026-03-27 06:08:57.437069
yahoo_finance,"Jim Cramer on Swarmer, Inc.: “Let’s Call It a Cool Story, But Not Much More Than That”",,2026-03-25T13:13:24Z,https://finance.yahoo.com/markets/stocks/articles/jim-cramer-swarmer-inc-let-131324517.html,2026-03-27 06:08:57.437069
yahoo_finance,Jim Cramer Says the Pullback in Jacobs Solutions Makes No Sense to Him,,2026-03-25T13:13:28Z,https://finance.yahoo.com/markets/stocks/articles/jim-cramer-says-pullback-jacobs-131328017.html,2026-03-27 06:08:57.437069
yahoo_finance,Technical Assessment: Bullish in the Intermediate-Term,,2026-03-26T11:20:30Z,https://finance.yahoo.com/research/reports/ARGUS_46549_TechnicalAnalysis_1774524030000?yptr=yahoo&ncid=yahooproperties_plusresear_nm5q6ze1cei,2026-03-27 06:08:57.437069
yahoo_finance,Airbnb and 6 Other Stocks to Buy That Can Thrive Even if Interest Rates Don’t Fall,,2026-03-25T12:37:00Z,https://www.barrons.com/articles/airbnb-american-royal-caribbean-interest-rates-stocks-2a4db868?siteid=yhoof2&yptr=yahoo,2026-03-27 06:08:57.437069
yahoo_finance,Jim Cramer Highlights TJX Companies Are “Making a Killing By Scooping Up Excess Inventory From Troubled Retailers”,,2026-03-25T13:13:30Z,https://finance.yahoo.com/markets/stocks/articles/jim-cramer-highlights-tjx-companies-131330878.html,2026-03-27 06:08:57.437069
yahoo_finance,Jim Cramer on Five Below: “I Think It’s Staying Strong”,,2026-03-25T13:13:33Z,https://finance.yahoo.com/markets/stocks/articles/jim-cramer-five-below-think-131333464.html,2026-03-27 06:08:57.437069
yahoo_finance,Jim Cramer Notes That the Charitable Trust Holds On to Home Depot In Case the Rates Get Cut,,2026-03-25T13:13:37Z,https://finance.yahoo.com/markets/stocks/articles/jim-cramer-notes-charitable-trust-131337924.html,2026-03-27 06:08:57.437069
yahoo_finance,Jim Cramer on Ross Stores: “That Last Quarter Showed More Strength Than I’ve Seen From That Company in Ages”,,2026-03-25T13:13:31Z,https://finance.yahoo.com/markets/stocks/articles/jim-cramer-ross-stores-last-131331578.html,2026-03-27 06:08:57.437069
yahoo_finance,Analyst Report: Illumina Inc,,2026-03-26T10:41:54Z,https://finance.yahoo.com/research/reports/ARGUS_3660_AnalystReport_1774521714000?yptr=yahoo&ncid=yahooproperties_plusresear_nm5q6ze1cei,2026-03-27 06:08:57.437069
yahoo_finance,Jamie Dimon’s ‘Skunk at the Party’ Warning: Here’s How I’d Prepare for Stubborn Inflation,,2026-03-25T12:36:47Z,https://finance.yahoo.com/economy/policy/articles/jamie-dimon-skunk-party-warning-123647335.html,2026-03-27 06:08:57.437069
yahoo_finance,Jim Cramer Says Retailers Like Walmart Would “Do Well If You Think That We’re Headed Toward a Slowdown Because of Oil Prices”,,2026-03-25T13:13:36Z,https://finance.yahoo.com/markets/stocks/articles/jim-cramer-says-retailers-walmart-131336536.html,2026-03-27 06:08:57.437069
yahoo_finance,Jim Cramer Says “Target Has Been a Standout”,,2026-03-25T13:13:34Z,https://finance.yahoo.com/markets/stocks/articles/jim-cramer-says-target-standout-131334926.html,2026-03-27 06:08:57.437069
yahoo_finance,Jim Cramer Says He Wouldn’t Bet Against Dollar Stores Like Dollar Tree,,2026-03-25T13:13:39Z,https://finance.yahoo.com/markets/stocks/articles/jim-cramer-says-wouldn-t-131339390.html,2026-03-27 06:08:57.437069
yahoo_finance,Earnings Preview: What To Expect From Goldman Sachs' Report,,2026-03-25T13:28:16Z,https://finance.yahoo.com/markets/stocks/articles/earnings-preview-expect-goldman-sachs-132816061.html,2026-03-27 06:08:57.437069
yahoo_finance,Analyst Report: Sun Life Financial Inc,,2026-03-26T10:41:54Z,https://finance.yahoo.com/research/reports/ARGUS_3394_AnalystReport_1774521714000?yptr=yahoo&ncid=yahooproperties_plusresear_nm5q6ze1cei,2026-03-27 06:08:57.437069
yahoo_finance,The 3 ETFs Beating the Market in 2026 Have Almost Nothing in Common With the S&P 500,,2026-03-25T12:38:13Z,https://finance.yahoo.com/markets/stocks/articles/3-etfs-beating-market-2026-123813954.html,2026-03-27 06:08:57.437069
yahoo_finance,Bitmine Launches New Ethereum Staking Solution,,2026-03-25T13:30:00Z,https://finance.yahoo.com/markets/crypto/articles/bitmine-launches-ethereum-staking-solution-133000163.html,2026-03-27 06:08:57.437069
yahoo_finance,2 charts explain why OpenAI just pulled the plug on Sora,,2026-03-25T13:30:16Z,https://finance.yahoo.com/news/2-charts-explain-why-openai-just-pulled-the-plug-on-sora-133016441.html,2026-03-27 06:08:57.437069
yahoo_finance,"The Last Time Oil Prices Spiked, It Took Just 60 Days for the Stock Market to Crash. The Clock Is Ticking Now",,2026-03-25T13:32:09Z,https://finance.yahoo.com/markets/commodities/articles/last-time-oil-prices-spiked-133209867.html,2026-03-27 06:08:57.437069
yahoo_finance,Will Watsco (WSO) Benefit from Technology Investments?,,2026-03-25T13:36:02Z,https://finance.yahoo.com/markets/stocks/articles/watsco-wso-benefit-technology-investments-133602669.html,2026-03-27 06:08:57.437069
yahoo_finance,Analyst Report: Omnicom Group Inc,,2026-03-26T10:41:54Z,https://finance.yahoo.com/research/reports/ARGUS_3277_AnalystReport_1774521714000?yptr=yahoo&ncid=yahooproperties_plusresear_nm5q6ze1cei,2026-03-27 06:08:57.437069
yahoo_finance,Temu Parent PDD Earnings Fall Short of Expectations. Why the Stock Is Rising.,,2026-03-25T12:40:00Z,https://www.barrons.com/articles/temu-parent-pdd-earnings-stock-price-2632b1e1?siteid=yhoof2&yptr=yahoo,2026-03-27 06:08:57.437069
yahoo_finance,Ark Invest Bought $16 Million Of Circle Stock As It Plunged,,2026-03-25T13:37:00Z,https://finance.yahoo.com/markets/stocks/articles/ark-invest-bought-16-million-133700325.html,2026-03-27 06:08:57.437069
yahoo_finance,Prestige Consumer Healthcare’s (PBH) Free Cash Flow to Enterprise Value Stood at 6.5%,,2026-03-25T13:38:27Z,https://finance.yahoo.com/markets/stocks/articles/prestige-consumer-healthcare-pbh-free-133827535.html,2026-03-27 06:08:57.437069
yahoo_finance,Merck buying Terns in $6.7B deal to bolster its cancer portfolio before key Keytruda patent expires,,2026-03-25T13:39:15Z,https://finance.yahoo.com/sectors/healthcare/articles/merck-buying-terns-6-7b-133915463.html,2026-03-27 06:08:57.437069
yahoo_finance,Heartland Opportunistic Value Equity Strategy’s Investment Journey with Old Republic International (ORI),,2026-03-25T13:40:43Z,https://finance.yahoo.com/markets/stocks/articles/heartland-opportunistic-value-equity-strategy-134043979.html,2026-03-27 06:08:57.437069
yahoo_finance,Analyst Report: AES Corp/The,,2026-03-26T10:41:54Z,https://finance.yahoo.com/research/reports/ARGUS_2686_AnalystReport_1774521714000?yptr=yahoo&ncid=yahooproperties_plusresear_nm5q6ze1cei,2026-03-27 06:08:57.437069
yahoo_finance,Minnesota bank bolsters C-suite with Climate First alums,,2026-03-25T12:42:58Z,https://finance.yahoo.com/markets/stocks/articles/minnesota-bank-bolsters-c-suite-124258390.html,2026-03-27 06:08:57.437069
yahoo_finance,Heartland Opportunistic Value Equity Strategy’s AI Concerns Proved Wrong as Alphabet (GOOGL) Shares Doubled,,2026-03-25T13:44:03Z,https://finance.yahoo.com/markets/stocks/articles/heartland-opportunistic-value-equity-strategy-134403745.html,2026-03-27 06:08:57.437069
yahoo_finance,Here’s Why Commvault Systems (CVLT) Traded Lower in Q4,,2026-03-25T13:49:34Z,https://finance.yahoo.com/markets/stocks/articles/why-commvault-systems-cvlt-traded-134934166.html,2026-03-27 06:08:57.437069
yahoo_finance,Gold IRA tax rules: How gold IRAs are taxed,,2026-03-25T14:52:54Z,https://finance.yahoo.com/personal-finance/investing/article/gold-ira-tax-rules-how-gold-iras-are-taxed-145254347.html,2026-03-27 06:08:57.437069
yahoo_finance,Best credit cards for gas for March 2026,,2024-09-13T21:31:17Z,https://finance.yahoo.com/personal-finance/credit-cards/article/best-credit-cards-for-gas-234013440.html,2026-03-27 06:08:57.437069
yahoo_finance,"Market Digest: ILMN, AES, OMC, SLF",,2026-03-26T10:26:54Z,https://finance.yahoo.com/research/reports/ARGUS_46547_MarketSummary_1774520814000?yptr=yahoo&ncid=yahooproperties_plusresear_nm5q6ze1cei,2026-03-27 06:08:57.437069
yahoo_finance,The Energy Shock Is an Opportunity for Canada. These 4 Stocks Are Big Winners.,,2026-03-25T12:45:00Z,https://www.barrons.com/articles/suncor-oil-natural-gas-stock-canada-f032b427?siteid=yhoof2&yptr=yahoo,2026-03-27 06:08:57.437069
yahoo_finance,The best balance transfer credit cards for March 2026: Don't pay any interest until 2027,,2025-09-08T19:03:15Z,https://finance.yahoo.com/personal-finance/credit-cards/article/best-balance-transfer-credit-cards-123841213.html,2026-03-27 06:08:57.437069
yahoo_finance,Best credit cards with no annual fee for March 2026,,2024-11-25T20:47:47Z,https://finance.yahoo.com/personal-finance/credit-cards/article/best-credit-cards-with-no-annual-fee-204747522.html,2026-03-27 06:08:57.437069
yahoo_finance,The best 0% APR credit cards for March 2026: Avoid paying interest for up to 24 months on purchases and balance transfers,,2025-10-15T18:17:18Z,https://finance.yahoo.com/personal-finance/credit-cards/article/the-best-0-apr-credit-cards-for-march-2026-avoid-paying-interest-for-up-to-24-months-on-purchases-and-balance-transfers-181718599.html,2026-03-27 06:08:57.437069
yahoo_finance,How to find the best credit card interest rates: Excellent credit is key,,2024-08-22T21:41:29Z,https://finance.yahoo.com/personal-finance/credit-cards/article/best-credit-card-interest-rates-193519877.html,2026-03-27 06:08:57.437069
yahoo_finance,Daily – Vickers Top Buyers & Sellers for 03/26/2026,,2026-03-26T10:07:12Z,https://finance.yahoo.com/research/reports/ARGUS_46546_TopBottomInsiderActivity_1774519632000?yptr=yahoo&ncid=yahooproperties_plusresear_nm5q6ze1cei,2026-03-27 06:08:57.437069
yahoo_finance,China Is Down Sharply in 2026. These 3 ETFs Let You Buy the Dip on Emerging Markets,,2026-03-25T12:45:13Z,https://finance.yahoo.com/markets/stocks/articles/china-down-sharply-2026-3-124513329.html,2026-03-27 06:08:57.437069
yahoo_finance,Ally Unlimited Cash Back Mastercard review: A simplistic approach to cash back,,2024-04-04T16:59:48Z,https://finance.yahoo.com/personal-finance/credit-cards/review/ally-unlimited-cash-back-review-165948540.html,2026-03-27 06:08:57.437069
seeking_alpha,DEUTZ Aktiengesellschaft (DEUZF) Q4 2025 Earnings Call Transcript,,"Thu, 26 Mar 2026 20:35:55 -0400",https://seekingalpha.com/article/4886117-deutz-aktiengesellschaft-deuzf-q4-2025-earnings-call-transcript?source=feed_all_articles,2026-03-27 06:08:57.820091
seeking_alpha,Franklin Mutual Beacon Fund Q4 2025 Commentary,,"Thu, 26 Mar 2026 20:35:00 -0400",https://seekingalpha.com/article/4886413-franklin-mutual-beacon-fund-q4-2025-commentary?source=feed_all_articles,2026-03-27 06:08:57.820091
seeking_alpha,Bitcoin And Ethereum Outlook: Too Soon For A Crypto Bounce,,"Thu, 26 Mar 2026 20:30:00 -0400",https://seekingalpha.com/article/4886411-bitcoin-ethereum-outlook-too-soon-for-crypto-bounce?source=feed_all_articles,2026-03-27 06:08:57.820091
seeking_alpha,Nvidia: The Market Stopped Believing,,"Thu, 26 Mar 2026 20:23:20 -0400",https://seekingalpha.com/article/4886405-nvidia-stock-demand-strong-market-stopped-believing?source=feed_all_articles,2026-03-27 06:08:57.820091
seeking_alpha,P3 Health Partners Inc. (PIII) Q4 2025 Earnings Call Transcript,,"Thu, 26 Mar 2026 20:15:59 -0400",https://seekingalpha.com/article/4886363-p3-health-partners-inc-piii-q4-2025-earnings-call-transcript?source=feed_all_articles,2026-03-27 06:08:57.820091
seeking_alpha,"Rani Therapeutics Holdings, Inc. (RANI) Q4 2025 Earnings Call Transcript",,"Thu, 26 Mar 2026 20:15:58 -0400",https://seekingalpha.com/article/4886410-rani-therapeutics-holdings-inc-rani-q4-2025-earnings-call-transcript?source=feed_all_articles,2026-03-27 06:08:57.820091
seeking_alpha,"Xos, Inc. (XOS) Q4 2025 Earnings Call Transcript",,"Thu, 26 Mar 2026 20:15:56 -0400",https://seekingalpha.com/article/4886374-xos-inc-xos-q4-2025-earnings-call-transcript?source=feed_all_articles,2026-03-27 06:08:57.820091
seeking_alpha,Columbia Select Large Cap Growth Fund Q4 2025 Commentary,,"Thu, 26 Mar 2026 20:15:00 -0400",https://seekingalpha.com/article/4886409-columbia-select-large-cap-growth-fund-q4-2025-commentary?source=feed_all_articles,2026-03-27 06:08:57.820091
seeking_alpha,Insight Molecular Diagnostics Inc. (IMDX) Q4 2025 Earnings Call Transcript,,"Thu, 26 Mar 2026 20:05:54 -0400",https://seekingalpha.com/article/4886382-insight-molecular-diagnostics-inc-imdx-q4-2025-earnings-call-transcript?source=feed_all_articles,2026-03-27 06:08:57.820091
seeking_alpha,Ascentage Pharma Group International (AAPG) Q4 2025 Earnings Call Transcript,,"Thu, 26 Mar 2026 19:45:55 -0400",https://seekingalpha.com/article/4886193-ascentage-pharma-group-international-aapg-q4-2025-earnings-call-transcript?source=feed_all_articles,2026-03-27 06:08:57.820091
seeking_alpha,"Argan, Inc. 2026 Q4 - Results - Earnings Call Presentation",,"Thu, 26 Mar 2026 19:26:22 -0400",https://seekingalpha.com/article/4886406-argan-inc-2026-q4-results-earnings-call-presentation?source=feed_all_articles,2026-03-27 06:08:57.820091
seeking_alpha,"Argan, Inc. (AGX) Q4 2026 Earnings Call Transcript",,"Thu, 26 Mar 2026 19:25:59 -0400",https://seekingalpha.com/article/4886376-argan-inc-agx-q4-2026-earnings-call-transcript?source=feed_all_articles,2026-03-27 06:08:57.820091
seeking_alpha,"Veritone, Inc. (VERI) Q4 2025 Earnings Call Prepared Remarks Transcript",,"Thu, 26 Mar 2026 19:25:58 -0400",https://seekingalpha.com/article/4886373-veritone-inc-veri-q4-2025-earnings-call-prepared-remarks-transcript?source=feed_all_articles,2026-03-27 06:08:57.820091
seeking_alpha,SKYX Platforms Corp. (SKYX) Q4 2025 Earnings Call Transcript,,"Thu, 26 Mar 2026 19:25:54 -0400",https://seekingalpha.com/article/4886364-skyx-platforms-corp-skyx-q4-2025-earnings-call-transcript?source=feed_all_articles,2026-03-27 06:08:57.820091
seeking_alpha,Lindsay Corporation: It's Too Soon For An Upgrade,,"Thu, 26 Mar 2026 19:22:28 -0400",https://seekingalpha.com/article/4886380-lindsay-corporation-its-too-soon-for-an-upgrade?source=feed_all_articles,2026-03-27 06:08:57.820091
seeking_alpha,Allwyn AG 2025 Q4 - Results - Earnings Call Presentation,,"Thu, 26 Mar 2026 19:21:35 -0400",https://seekingalpha.com/article/4886404-allwyn-ag-2025-q4-results-earnings-call-presentation?source=feed_all_articles,2026-03-27 06:08:57.820091
seeking_alpha,Kingfisher plc 2026 Q4 - Results - Earnings Call Presentation,,"Thu, 26 Mar 2026 19:20:49 -0400",https://seekingalpha.com/article/4886403-kingfisher-plc-2026-q4-results-earnings-call-presentation?source=feed_all_articles,2026-03-27 06:08:57.820091
seeking_alpha,d'Amico International Shipping S.A. (DMCOF) Presents at Euronext Milan STAR Conference 2026 - Slideshow,,"Thu, 26 Mar 2026 19:20:05 -0400",https://seekingalpha.com/article/4886402-damico-international-shipping-s-a-dmcof-presents-at-euronext-milan-star-conference-2026?source=feed_all_articles,2026-03-27 06:08:57.820091
seeking_alpha,Aquafil S.p.A. (ECNLF) Presents at Euronext Milan STAR Conference 2026 - Slideshow,,"Thu, 26 Mar 2026 19:18:57 -0400",https://seekingalpha.com/article/4886401-aquafil-s-p-a-ecnlf-presents-at-euronext-milan-star-conference-2026-slideshow?source=feed_all_articles,2026-03-27 06:08:57.820091
seeking_alpha,Delivery Hero SE (DELHY) Grab Holdings Limited - M&A Call - Slideshow,,"Thu, 26 Mar 2026 19:18:08 -0400",https://seekingalpha.com/article/4886400-delivery-hero-se-delhy-grab-holdings-limited-m-and-a-call-slideshow?source=feed_all_articles,2026-03-27 06:08:57.820091
seeking_alpha,"Alnylam Pharmaceuticals, Inc. (ALNY) Discusses Progress and Strategy in Transforming ATTR Amyloidosis Care and Expanding TTR Franchise - Slideshow",,"Thu, 26 Mar 2026 19:17:56 -0400",https://seekingalpha.com/article/4886399-alnylam-pharmaceuticals-inc-alny-discusses-progress-and-strategy-in-transforming-attr?source=feed_all_articles,2026-03-27 06:08:57.820091
seeking_alpha,Murphy Oil Corporation (MUR) Discusses Production Sharing Contract Fundamentals and Their Role in Offshore Vietnam Strategy - Slideshow,,"Thu, 26 Mar 2026 19:16:49 -0400",https://seekingalpha.com/article/4886398-murphy-oil-corporation-mur-discusses-production-sharing-contract-fundamentals-and-their-role?source=feed_all_articles,2026-03-27 06:08:57.820091
seeking_alpha,"Zillow Group, Inc. (ZG) Discusses AI-Driven Transformation of the Integrated Real Estate Transaction Platform - Slideshow",,"Thu, 26 Mar 2026 19:16:21 -0400",https://seekingalpha.com/article/4886397-zillow-group-inc-zg-discusses-ai-driven-transformation-of-the-integrated-real-estate?source=feed_all_articles,2026-03-27 06:08:57.820091
seeking_alpha,"VirTra, Inc. (VTSI) Q4 2025 Earnings Call Transcript",,"Thu, 26 Mar 2026 19:16:07 -0400",https://seekingalpha.com/article/4886383-virtra-inc-vtsi-q4-2025-earnings-call-transcript?source=feed_all_articles,2026-03-27 06:08:57.820091
seeking_alpha,Worksport Ltd. (WKSP) Q4 2025 Earnings Call Transcript,,"Thu, 26 Mar 2026 19:16:05 -0400",https://seekingalpha.com/article/4886368-worksport-ltd-wksp-q4-2025-earnings-call-transcript?source=feed_all_articles,2026-03-27 06:08:57.820091
seeking_alpha,WashTec AG (WHTAF) Q4 2025 Press Conference Call Transcript,,"Thu, 26 Mar 2026 19:16:03 -0400",https://seekingalpha.com/article/4886253-washtec-ag-whtaf-q4-2025-press-conference-call-transcript?source=feed_all_articles,2026-03-27 06:08:57.820091
seeking_alpha,Alpha Cognition Inc. (ACOG) Q4 2025 Earnings Call Transcript,,"Thu, 26 Mar 2026 19:16:01 -0400",https://seekingalpha.com/article/4886367-alpha-cognition-inc-acog-q4-2025-earnings-call-transcript?source=feed_all_articles,2026-03-27 06:08:57.820091
seeking_alpha,"Banco Latinoamericano de Comercio Exterior, S. A. (BLX) Analyst/Investor Day - Slideshow",,"Thu, 26 Mar 2026 19:14:12 -0400",https://seekingalpha.com/article/4886396-banco-latinoamericano-de-comercio-exterior-s-a-blx-analyst-investor-day-slideshow?source=feed_all_articles,2026-03-27 06:08:57.820091
seeking_alpha,SunPower Inc. (SPWR) Presents at The 38th Annual Roth Conference - Slideshow,,"Thu, 26 Mar 2026 19:11:31 -0400",https://seekingalpha.com/article/4886395-sunpower-inc-spwr-presents-at-the-38th-annual-roth-conference-slideshow?source=feed_all_articles,2026-03-27 06:08:57.820091
seeking_alpha,Cabot: Competitive Pressures Due To High Tire Imports Continuing To Weigh,,"Thu, 26 Mar 2026 19:10:57 -0400",https://seekingalpha.com/article/4886371-cabot-competitive-pressures-due-to-high-tire-imports-continuing-to-weigh?source=feed_all_articles,2026-03-27 06:08:57.820091
marketwatch,"Big Tech’s AI fantasy hits a nuclear wall: No fuel, no welders — and no Plan B",Big Tech is buying small reactors. Washington is buying time. Russia and China? They rule the nuclear-power world.,"Fri, 27 Mar 2026 00:14:00 GMT",https://www.marketwatch.com/story/americas-nuclear-renaissance-has-everything-except-uranium-welders-and-a-plan-0851782d?mod=mw_rss_topstories,2026-03-27 06:09:03.123708
marketwatch,Investors are snubbing Trump’s Iran pause. Even his Truth Social posts may not save the market.,Trump hoped his Iran reprieve would bring a stock-market miracle — but investors aren’t buying and time is short.,"Fri, 27 Mar 2026 00:14:00 GMT",https://www.marketwatch.com/story/trump-hoped-his-iran-pause-would-bring-a-stock-market-miracle-but-investors-arent-buying-b45e4b7a?mod=mw_rss_topstories,2026-03-27 06:09:03.123708
marketwatch,"Trump says he’ll order that TSA officers be paid, in a move that could end long waits at airport security",President Donald Trump late Thursday said he would sign an executive order to “immediately” pay Transportation Security Administration workers who have gone without pay during a long-running partial government shutdown.,"Thu, 26 Mar 2026 23:28:00 GMT",https://www.marketwatch.com/story/trump-may-find-a-way-to-pay-tsa-officers-in-a-move-that-could-end-long-waits-at-airport-security-d9d030a5?mod=mw_rss_topstories,2026-03-27 06:09:03.123708
marketwatch,This map shows a crude ticking time bomb that hits much of the world’s oil supply in April,"Disruptions in the flow of oil through the Strait of Hormuz over the past four weeks will unleash a “sequential” shock to global supplies that’ll run from east to west with much of the world taking a hit by April, according to strategists at J.P. Morgan.","Thu, 26 Mar 2026 22:06:00 GMT",https://www.marketwatch.com/story/this-map-shows-a-crude-ticking-time-bomb-that-hits-much-of-the-worlds-oil-supply-in-april-2c058db6?mod=mw_rss_topstories,2026-03-27 06:09:03.123708
marketwatch,Why software stocks proved resilient on a dismal day for tech,"Even as the Nasdaq slid into correction territory, shares of prominent software companies like Salesforce, CrowdStrike and Figma finished the session higher.","Thu, 26 Mar 2026 21:54:00 GMT",https://www.marketwatch.com/story/why-software-stocks-proved-resilient-on-a-dismal-day-for-tech-cbdc4bbb?mod=mw_rss_topstories,2026-03-27 06:09:03.123708
marketwatch,Micron’s stock falls into a bear market — and it’s now the cheapest in the S&P 500,"Micron’s price-to-earnings multiple has compressed dramatically, as earnings expectations have surged and the stock has fallen.","Thu, 26 Mar 2026 21:33:00 GMT",https://www.marketwatch.com/story/microns-stock-falls-into-a-bear-market-and-its-now-the-cheapest-in-the-s-p-500-f90d9114?mod=mw_rss_topstories,2026-03-27 06:09:03.123708
marketwatch,Why Tesla isn’t getting a boost from high gas prices,Higher EV prices and borrowing costs may be turning prospective buyers away.,"Thu, 26 Mar 2026 21:21:00 GMT",https://www.marketwatch.com/story/why-tesla-isnt-getting-a-boost-from-high-gas-prices-39a5bacf?mod=mw_rss_topstories,2026-03-27 06:09:03.123708
marketwatch,"Trump pauses plans to attack Iranian energy infrastructure, as Nasdaq falls into a correction",The U.S. president said he would pause attacking Iran’s energy infrastructure for another 10 days late Thursday as stocks tumbled.,"Thu, 26 Mar 2026 21:19:00 GMT",https://www.marketwatch.com/story/nasdaq-falls-into-correction-territory-and-trump-pauses-plans-to-attack-iranian-energy-infrastructure-27732ce3?mod=mw_rss_topstories,2026-03-27 06:09:03.123708
marketwatch,"Iran’s Kharg Island may be the next battleground, as Trump extends pause on attacking energy infrastructure","President Trump on Thursday extended his five-day pause on a planned U.S. attack on Iran’s energy infrastructure until April 6, but Iran’s critical oil-export hub, Kharg Island, remains in the spotlight as the next potential target.","Thu, 26 Mar 2026 21:17:00 GMT",https://www.marketwatch.com/story/irans-economic-heartbeat-kharg-island-may-be-the-next-battleground-as-trumps-5-day-pause-ends-this-weekend-e8917c41?mod=mw_rss_topstories,2026-03-27 06:09:03.123708
marketwatch,"My brother says lawyers can get him into a Medicaid nursing home, despite his many assets. Is this a scam?",“I do not believe there is a way to preserve assets and still qualify for Medicaid.”,"Thu, 26 Mar 2026 21:10:00 GMT",https://www.marketwatch.com/story/my-brother-says-lawyers-can-get-him-into-a-medicaid-nursing-home-despite-his-many-assets-is-this-a-scam-614c2f85?mod=mw_rss_topstories,2026-03-27 06:09:03.123708
